"Election Name","County Name","Office Name","District Name","Party Name","Candidate Name","Votes","Yes Votes","No Votes","Election Day Votes","ElectionDay Yes Votes","Election Day No Votes","Mail Votes","Mail Yes Votes","Mail No Votes","Provisional Votes","Provisional Yes Votes","Provisional No Votes"
"2000 General Election","ADAMS","President of the United States","StateWide","Republican","BUSH, GEORGE W.","20,848","20,848","","","","","","","","","",""
"2000 General Election","ADAMS","President of the United States","StateWide","Democratic","GORE, AL","11,682","11,682","","","","","","","","","",""
"2000 General Election","ADAMS","President of the United States","StateWide","Constitution","PHILLIPS, HOWARD","27","27","","","","","","","","","",""
"2000 General Election","ADAMS","President of the United States","StateWide","Libertarian","BROWNE, HARRY","72","72","","","","","","","","","",""
"2000 General Election","ADAMS","President of the United States","StateWide","Green","NADER, RALPH","696","696","","","","","","","","","",""
"2000 General Election","ADAMS","President of the United States","StateWide","Reform","BUCHANAN, PATRICK J.","108","108","","","","","","","","","",""
"2000 General Election","ALLEGHENY","President of the United States","StateWide","Republican","BUSH, GEORGE W.","235,361","235,361","","","","","","","","","",""
"2000 General Election","ALLEGHENY","President of the United States","StateWide","Democratic","GORE, AL","329,963","329,963","","","","","","","","","",""
"2000 General Election","ALLEGHENY","President of the United States","StateWide","Constitution","PHILLIPS, HOWARD","3,522","3,522","","","","","","","","","",""
"2000 General Election","ALLEGHENY","President of the United States","StateWide","Libertarian","BROWNE, HARRY","945","945","","","","","","","","","",""
"2000 General Election","ALLEGHENY","President of the United States","StateWide","Green","NADER, RALPH","10,575","10,575","","","","","","","","","",""
"2000 General Election","ALLEGHENY","President of the United States","StateWide","Reform","BUCHANAN, PATRICK J.","2,112","2,112","","","","","","","","","",""
"2000 General Election","ARMSTRONG","President of the United States","StateWide","Republican","BUSH, GEORGE W.","15,508","15,508","","","","","","","","","",""
"2000 General Election","ARMSTRONG","President of the United States","StateWide","Democratic","GORE, AL","11,127","11,127","","","","","","","","","",""
"2000 General Election","ARMSTRONG","President of the United States","StateWide","Constitution","PHILLIPS, HOWARD","31","31","","","","","","","","","",""
"2000 General Election","ARMSTRONG","President of the United States","StateWide","Libertarian","BROWNE, HARRY","30","30","","","","","","","","","",""
"2000 General Election","ARMSTRONG","President of the United States","StateWide","Green","NADER, RALPH","485","485","","","","","","","","","",""
"2000 General Election","ARMSTRONG","President of the United States","StateWide","Reform","BUCHANAN, PATRICK J.","242","242","","","","","","","","","",""
"2000 General Election","BEAVER","President of the United States","StateWide","Republican","BUSH, GEORGE W.","32,491","32,491","","","","","","","","","",""
"2000 General Election","BEAVER","President of the United States","StateWide","Democratic","GORE, AL","38,925","38,925","","","","","","","","","",""
"2000 General Election","BEAVER","President of the United States","StateWide","Constitution","PHILLIPS, HOWARD","104","104","","","","","","","","","",""
"2000 General Election","BEAVER","President of the United States","StateWide","Libertarian","BROWNE, HARRY","153","153","","","","","","","","","",""
"2000 General Election","BEAVER","President of the United States","StateWide","Green","NADER, RALPH","1,450","1,450","","","","","","","","","",""
"2000 General Election","BEAVER","President of the United States","StateWide","Reform","BUCHANAN, PATRICK J.","470","470","","","","","","","","","",""
"2000 General Election","BEDFORD","President of the United States","StateWide","Republican","BUSH, GEORGE W.","13,598","13,598","","","","","","","","","",""
"2000 General Election","BEDFORD","President of the United States","StateWide","Democratic","GORE, AL","5,474","5,474","","","","","","","","","",""
"2000 General Election","BEDFORD","President of the United States","StateWide","Constitution","PHILLIPS, HOWARD","8","8","","","","","","","","","",""
"2000 General Election","BEDFORD","President of the United States","StateWide","Libertarian","BROWNE, HARRY","19","19","","","","","","","","","",""
"2000 General Election","BEDFORD","President of the United States","StateWide","Green","NADER, RALPH","265","265","","","","","","","","","",""
"2000 General Election","BEDFORD","President of the United States","StateWide","Reform","BUCHANAN, PATRICK J.","71","71","","","","","","","","","",""
"2000 General Election","BERKS","President of the United States","StateWide","Republican","BUSH, GEORGE W.","71,273","71,273","","","","","","","","","",""
"2000 General Election","BERKS","President of the United States","StateWide","Democratic","GORE, AL","59,150","59,150","","","","","","","","","",""
"2000 General Election","BERKS","President of the United States","StateWide","Constitution","PHILLIPS, HOWARD","125","125","","","","","","","","","",""
"2000 General Election","BERKS","President of the United States","StateWide","Libertarian","BROWNE, HARRY","682","682","","","","","","","","","",""
"2000 General Election","BERKS","President of the United States","StateWide","Green","NADER, RALPH","3,494","3,494","","","","","","","","","",""
"2000 General Election","BERKS","President of the United States","StateWide","Reform","BUCHANAN, PATRICK J.","439","439","","","","","","","","","",""
"2000 General Election","BLAIR","President of the United States","StateWide","Republican","BUSH, GEORGE W.","28,376","28,376","","","","","","","","","",""
"2000 General Election","BLAIR","President of the United States","StateWide","Democratic","GORE, AL","15,774","15,774","","","","","","","","","",""
"2000 General Election","BLAIR","President of the United States","StateWide","Constitution","PHILLIPS, HOWARD","76","76","","","","","","","","","",""
"2000 General Election","BLAIR","President of the United States","StateWide","Libertarian","BROWNE, HARRY","74","74","","","","","","","","","",""
"2000 General Election","BLAIR","President of the United States","StateWide","Green","NADER, RALPH","693","693","","","","","","","","","",""
"2000 General Election","BLAIR","President of the United States","StateWide","Reform","BUCHANAN, PATRICK J.","147","147","","","","","","","","","",""
"2000 General Election","BRADFORD","President of the United States","StateWide","Republican","BUSH, GEORGE W.","14,660","14,660","","","","","","","","","",""
"2000 General Election","BRADFORD","President of the United States","StateWide","Democratic","GORE, AL","7,911","7,911","","","","","","","","","",""
"2000 General Election","BRADFORD","President of the United States","StateWide","Constitution","PHILLIPS, HOWARD","22","22","","","","","","","","","",""
"2000 General Election","BRADFORD","President of the United States","StateWide","Libertarian","BROWNE, HARRY","48","48","","","","","","","","","",""
"2000 General Election","BRADFORD","President of the United States","StateWide","Green","NADER, RALPH","600","600","","","","","","","","","",""
"2000 General Election","BRADFORD","President of the United States","StateWide","Reform","BUCHANAN, PATRICK J.","89","89","","","","","","","","","",""
"2000 General Election","BUCKS","President of the United States","StateWide","Republican","BUSH, GEORGE W.","121,927","121,927","","","","","","","","","",""
"2000 General Election","BUCKS","President of the United States","StateWide","Democratic","GORE, AL","132,914","132,914","","","","","","","","","",""
"2000 General Election","BUCKS","President of the United States","StateWide","Constitution","PHILLIPS, HOWARD","669","669","","","","","","","","","",""
"2000 General Election","BUCKS","President of the United States","StateWide","Libertarian","BROWNE, HARRY","1,017","1,017","","","","","","","","","",""
"2000 General Election","BUCKS","President of the United States","StateWide","Green","NADER, RALPH","6,294","6,294","","","","","","","","","",""
"2000 General Election","BUCKS","President of the United States","StateWide","Reform","BUCHANAN, PATRICK J.","601","601","","","","","","","","","",""
"2000 General Election","BUTLER","President of the United States","StateWide","Republican","BUSH, GEORGE W.","44,009","44,009","","","","","","","","","",""
"2000 General Election","BUTLER","President of the United States","StateWide","Democratic","GORE, AL","25,037","25,037","","","","","","","","","",""
"2000 General Election","BUTLER","President of the United States","StateWide","Constitution","PHILLIPS, HOWARD","50","50","","","","","","","","","",""
"2000 General Election","BUTLER","President of the United States","StateWide","Libertarian","BROWNE, HARRY","125","125","","","","","","","","","",""
"2000 General Election","BUTLER","President of the United States","StateWide","Green","NADER, RALPH","1,287","1,287","","","","","","","","","",""
"2000 General Election","BUTLER","President of the United States","StateWide","Reform","BUCHANAN, PATRICK J.","316","316","","","","","","","","","",""
"2000 General Election","CAMBRIA","President of the United States","StateWide","Republican","BUSH, GEORGE W.","28,001","28,001","","","","","","","","","",""
"2000 General Election","CAMBRIA","President of the United States","StateWide","Democratic","GORE, AL","30,308","30,308","","","","","","","","","",""
"2000 General Election","CAMBRIA","President of the United States","StateWide","Constitution","PHILLIPS, HOWARD","170","170","","","","","","","","","",""
"2000 General Election","CAMBRIA","President of the United States","StateWide","Libertarian","BROWNE, HARRY","88","88","","","","","","","","","",""
"2000 General Election","CAMBRIA","President of the United States","StateWide","Green","NADER, RALPH","1,369","1,369","","","","","","","","","",""
"2000 General Election","CAMBRIA","President of the United States","StateWide","Reform","BUCHANAN, PATRICK J.","350","350","","","","","","","","","",""
"2000 General Election","CAMERON","President of the United States","StateWide","Republican","BUSH, GEORGE W.","1,383","1,383","","","","","","","","","",""
"2000 General Election","CAMERON","President of the United States","StateWide","Democratic","GORE, AL","779","779","","","","","","","","","",""
"2000 General Election","CAMERON","President of the United States","StateWide","Constitution","PHILLIPS, HOWARD","5","5","","","","","","","","","",""
"2000 General Election","CAMERON","President of the United States","StateWide","Libertarian","BROWNE, HARRY","3","3","","","","","","","","","",""
"2000 General Election","CAMERON","President of the United States","StateWide","Green","NADER, RALPH","50","50","","","","","","","","","",""
"2000 General Election","CAMERON","President of the United States","StateWide","Reform","BUCHANAN, PATRICK J.","26","26","","","","","","","","","",""
"2000 General Election","CARBON","President of the United States","StateWide","Republican","BUSH, GEORGE W.","9,717","9,717","","","","","","","","","",""
"2000 General Election","CARBON","President of the United States","StateWide","Democratic","GORE, AL","10,668","10,668","","","","","","","","","",""
"2000 General Election","CARBON","President of the United States","StateWide","Constitution","PHILLIPS, HOWARD","187","187","","","","","","","","","",""
"2000 General Election","CARBON","President of the United States","StateWide","Libertarian","BROWNE, HARRY","41","41","","","","","","","","","",""
"2000 General Election","CARBON","President of the United States","StateWide","Green","NADER, RALPH","574","574","","","","","","","","","",""
"2000 General Election","CARBON","President of the United States","StateWide","Reform","BUCHANAN, PATRICK J.","90","90","","","","","","","","","",""
"2000 General Election","CENTRE","President of the United States","StateWide","Republican","BUSH, GEORGE W.","26,172","26,172","","","","","","","","","",""
"2000 General Election","CENTRE","President of the United States","StateWide","Democratic","GORE, AL","21,409","21,409","","","","","","","","","",""
"2000 General Election","CENTRE","President of the United States","StateWide","Constitution","PHILLIPS, HOWARD","39","39","","","","","","","","","",""
"2000 General Election","CENTRE","President of the United States","StateWide","Libertarian","BROWNE, HARRY","148","148","","","","","","","","","",""
"2000 General Election","CENTRE","President of the United States","StateWide","Green","NADER, RALPH","1,623","1,623","","","","","","","","","",""
"2000 General Election","CENTRE","President of the United States","StateWide","Reform","BUCHANAN, PATRICK J.","147","147","","","","","","","","","",""
"2000 General Election","CHESTER","President of the United States","StateWide","Republican","BUSH, GEORGE W.","100,080","100,080","","","","","","","","","",""
"2000 General Election","CHESTER","President of the United States","StateWide","Democratic","GORE, AL","82,047","82,047","","","","","","","","","",""
"2000 General Election","CHESTER","President of the United States","StateWide","Constitution","PHILLIPS, HOWARD","103","103","","","","","","","","","",""
"2000 General Election","CHESTER","President of the United States","StateWide","Libertarian","BROWNE, HARRY","716","716","","","","","","","","","",""
"2000 General Election","CHESTER","President of the United States","StateWide","Green","NADER, RALPH","4,302","4,302","","","","","","","","","",""
"2000 General Election","CHESTER","President of the United States","StateWide","Reform","BUCHANAN, PATRICK J.","314","314","","","","","","","","","",""
"2000 General Election","CLARION","President of the United States","StateWide","Republican","BUSH, GEORGE W.","9,796","9,796","","","","","","","","","",""
"2000 General Election","CLARION","President of the United States","StateWide","Democratic","GORE, AL","5,605","5,605","","","","","","","","","",""
"2000 General Election","CLARION","President of the United States","StateWide","Constitution","PHILLIPS, HOWARD","16","16","","","","","","","","","",""
"2000 General Election","CLARION","President of the United States","StateWide","Libertarian","BROWNE, HARRY","31","31","","","","","","","","","",""
"2000 General Election","CLARION","President of the United States","StateWide","Green","NADER, RALPH","293","293","","","","","","","","","",""
"2000 General Election","CLARION","President of the United States","StateWide","Reform","BUCHANAN, PATRICK J.","102","102","","","","","","","","","",""
"2000 General Election","CLEARFIELD","President of the United States","StateWide","Republican","BUSH, GEORGE W.","18,019","18,019","","","","","","","","","",""
"2000 General Election","CLEARFIELD","President of the United States","StateWide","Democratic","GORE, AL","11,718","11,718","","","","","","","","","",""
"2000 General Election","CLEARFIELD","President of the United States","StateWide","Constitution","PHILLIPS, HOWARD","26","26","","","","","","","","","",""
"2000 General Election","CLEARFIELD","President of the United States","StateWide","Libertarian","BROWNE, HARRY","43","43","","","","","","","","","",""
"2000 General Election","CLEARFIELD","President of the United States","StateWide","Green","NADER, RALPH","570","570","","","","","","","","","",""
"2000 General Election","CLEARFIELD","President of the United States","StateWide","Reform","BUCHANAN, PATRICK J.","233","233","","","","","","","","","",""
"2000 General Election","CLINTON","President of the United States","StateWide","Republican","BUSH, GEORGE W.","6,064","6,064","","","","","","","","","",""
"2000 General Election","CLINTON","President of the United States","StateWide","Democratic","GORE, AL","5,521","5,521","","","","","","","","","",""
"2000 General Election","CLINTON","President of the United States","StateWide","Constitution","PHILLIPS, HOWARD","46","46","","","","","","","","","",""
"2000 General Election","CLINTON","President of the United States","StateWide","Libertarian","BROWNE, HARRY","13","13","","","","","","","","","",""
"2000 General Election","CLINTON","President of the United States","StateWide","Green","NADER, RALPH","307","307","","","","","","","","","",""
"2000 General Election","CLINTON","President of the United States","StateWide","Reform","BUCHANAN, PATRICK J.","43","43","","","","","","","","","",""
"2000 General Election","COLUMBIA","President of the United States","StateWide","Republican","BUSH, GEORGE W.","12,095","12,095","","","","","","","","","",""
"2000 General Election","COLUMBIA","President of the United States","StateWide","Democratic","GORE, AL","8,975","8,975","","","","","","","","","",""
"2000 General Election","COLUMBIA","President of the United States","StateWide","Constitution","PHILLIPS, HOWARD","21","21","","","","","","","","","",""
"2000 General Election","COLUMBIA","President of the United States","StateWide","Libertarian","BROWNE, HARRY","49","49","","","","","","","","","",""
"2000 General Election","COLUMBIA","President of the United States","StateWide","Green","NADER, RALPH","663","663","","","","","","","","","",""
"2000 General Election","COLUMBIA","President of the United States","StateWide","Reform","BUCHANAN, PATRICK J.","91","91","","","","","","","","","",""
"2000 General Election","CRAWFORD","President of the United States","StateWide","Republican","BUSH, GEORGE W.","18,858","18,858","","","","","","","","","",""
"2000 General Election","CRAWFORD","President of the United States","StateWide","Democratic","GORE, AL","13,250","13,250","","","","","","","","","",""
"2000 General Election","CRAWFORD","President of the United States","StateWide","Constitution","PHILLIPS, HOWARD","155","155","","","","","","","","","",""
"2000 General Election","CRAWFORD","President of the United States","StateWide","Libertarian","BROWNE, HARRY","74","74","","","","","","","","","",""
"2000 General Election","CRAWFORD","President of the United States","StateWide","Green","NADER, RALPH","854","854","","","","","","","","","",""
"2000 General Election","CRAWFORD","President of the United States","StateWide","Reform","BUCHANAN, PATRICK J.","130","130","","","","","","","","","",""
"2000 General Election","CUMBERLAND","President of the United States","StateWide","Republican","BUSH, GEORGE W.","54,802","54,802","","","","","","","","","",""
"2000 General Election","CUMBERLAND","President of the United States","StateWide","Democratic","GORE, AL","31,053","31,053","","","","","","","","","",""
"2000 General Election","CUMBERLAND","President of the United States","StateWide","Constitution","PHILLIPS, HOWARD","47","47","","","","","","","","","",""
"2000 General Election","CUMBERLAND","President of the United States","StateWide","Libertarian","BROWNE, HARRY","222","222","","","","","","","","","",""
"2000 General Election","CUMBERLAND","President of the United States","StateWide","Green","NADER, RALPH","1,749","1,749","","","","","","","","","",""
"2000 General Election","CUMBERLAND","President of the United States","StateWide","Reform","BUCHANAN, PATRICK J.","189","189","","","","","","","","","",""
"2000 General Election","DAUPHIN","President of the United States","StateWide","Republican","BUSH, GEORGE W.","53,631","53,631","","","","","","","","","",""
"2000 General Election","DAUPHIN","President of the United States","StateWide","Democratic","GORE, AL","44,390","44,390","","","","","","","","","",""
"2000 General Election","DAUPHIN","President of the United States","StateWide","Constitution","PHILLIPS, HOWARD","102","102","","","","","","","","","",""
"2000 General Election","DAUPHIN","President of the United States","StateWide","Libertarian","BROWNE, HARRY","221","221","","","","","","","","","",""
"2000 General Election","DAUPHIN","President of the United States","StateWide","Green","NADER, RALPH","2,059","2,059","","","","","","","","","",""
"2000 General Election","DAUPHIN","President of the United States","StateWide","Reform","BUCHANAN, PATRICK J.","255","255","","","","","","","","","",""
"2000 General Election","DELAWARE","President of the United States","StateWide","Republican","BUSH, GEORGE W.","105,836","105,836","","","","","","","","","",""
"2000 General Election","DELAWARE","President of the United States","StateWide","Democratic","GORE, AL","134,861","134,861","","","","","","","","","",""
"2000 General Election","DELAWARE","President of the United States","StateWide","Constitution","PHILLIPS, HOWARD","702","702","","","","","","","","","",""
"2000 General Election","DELAWARE","President of the United States","StateWide","Libertarian","BROWNE, HARRY","743","743","","","","","","","","","",""
"2000 General Election","DELAWARE","President of the United States","StateWide","Green","NADER, RALPH","5,348","5,348","","","","","","","","","",""
"2000 General Election","DELAWARE","President of the United States","StateWide","Reform","BUCHANAN, PATRICK J.","587","587","","","","","","","","","",""
"2000 General Election","ELK","President of the United States","StateWide","Republican","BUSH, GEORGE W.","7,347","7,347","","","","","","","","","",""
"2000 General Election","ELK","President of the United States","StateWide","Democratic","GORE, AL","5,754","5,754","","","","","","","","","",""
"2000 General Election","ELK","President of the United States","StateWide","Constitution","PHILLIPS, HOWARD","18","18","","","","","","","","","",""
"2000 General Election","ELK","President of the United States","StateWide","Libertarian","BROWNE, HARRY","17","17","","","","","","","","","",""
"2000 General Election","ELK","President of the United States","StateWide","Green","NADER, RALPH","352","352","","","","","","","","","",""
"2000 General Election","ELK","President of the United States","StateWide","Reform","BUCHANAN, PATRICK J.","90","90","","","","","","","","","",""
"2000 General Election","ERIE","President of the United States","StateWide","Republican","BUSH, GEORGE W.","49,027","49,027","","","","","","","","","",""
"2000 General Election","ERIE","President of the United States","StateWide","Democratic","GORE, AL","59,399","59,399","","","","","","","","","",""
"2000 General Election","ERIE","President of the United States","StateWide","Constitution","PHILLIPS, HOWARD","449","449","","","","","","","","","",""
"2000 General Election","ERIE","President of the United States","StateWide","Libertarian","BROWNE, HARRY","242","242","","","","","","","","","",""
"2000 General Election","ERIE","President of the United States","StateWide","Green","NADER, RALPH","2,980","2,980","","","","","","","","","",""
"2000 General Election","ERIE","President of the United States","StateWide","Reform","BUCHANAN, PATRICK J.","238","238","","","","","","","","","",""
"2000 General Election","FAYETTE","President of the United States","StateWide","Republican","BUSH, GEORGE W.","20,013","20,013","","","","","","","","","",""
"2000 General Election","FAYETTE","President of the United States","StateWide","Democratic","GORE, AL","28,152","28,152","","","","","","","","","",""
"2000 General Election","FAYETTE","President of the United States","StateWide","Constitution","PHILLIPS, HOWARD","225","225","","","","","","","","","",""
"2000 General Election","FAYETTE","President of the United States","StateWide","Libertarian","BROWNE, HARRY","58","58","","","","","","","","","",""
"2000 General Election","FAYETTE","President of the United States","StateWide","Green","NADER, RALPH","798","798","","","","","","","","","",""
"2000 General Election","FAYETTE","President of the United States","StateWide","Reform","BUCHANAN, PATRICK J.","286","286","","","","","","","","","",""
"2000 General Election","FOREST","President of the United States","StateWide","Republican","BUSH, GEORGE W.","1,371","1,371","","","","","","","","","",""
"2000 General Election","FOREST","President of the United States","StateWide","Democratic","GORE, AL","843","843","","","","","","","","","",""
"2000 General Election","FOREST","President of the United States","StateWide","Constitution","PHILLIPS, HOWARD","1","1","","","","","","","","","",""
"2000 General Election","FOREST","President of the United States","StateWide","Libertarian","BROWNE, HARRY","2","2","","","","","","","","","",""
"2000 General Election","FOREST","President of the United States","StateWide","Green","NADER, RALPH","57","57","","","","","","","","","",""
"2000 General Election","FOREST","President of the United States","StateWide","Reform","BUCHANAN, PATRICK J.","9","9","","","","","","","","","",""
"2000 General Election","FRANKLIN","President of the United States","StateWide","Republican","BUSH, GEORGE W.","33,042","33,042","","","","","","","","","",""
"2000 General Election","FRANKLIN","President of the United States","StateWide","Democratic","GORE, AL","14,922","14,922","","","","","","","","","",""
"2000 General Election","FRANKLIN","President of the United States","StateWide","Constitution","PHILLIPS, HOWARD","43","43","","","","","","","","","",""
"2000 General Election","FRANKLIN","President of the United States","StateWide","Libertarian","BROWNE, HARRY","69","69","","","","","","","","","",""
"2000 General Election","FRANKLIN","President of the United States","StateWide","Green","NADER, RALPH","761","761","","","","","","","","","",""
"2000 General Election","FRANKLIN","President of the United States","StateWide","Reform","BUCHANAN, PATRICK J.","132","132","","","","","","","","","",""
"2000 General Election","FULTON","President of the United States","StateWide","Republican","BUSH, GEORGE W.","3,753","3,753","","","","","","","","","",""
"2000 General Election","FULTON","President of the United States","StateWide","Democratic","GORE, AL","1,425","1,425","","","","","","","","","",""
"2000 General Election","FULTON","President of the United States","StateWide","Constitution","PHILLIPS, HOWARD","1","1","","","","","","","","","",""
"2000 General Election","FULTON","President of the United States","StateWide","Libertarian","BROWNE, HARRY","9","9","","","","","","","","","",""
"2000 General Election","FULTON","President of the United States","StateWide","Green","NADER, RALPH","77","77","","","","","","","","","",""
"2000 General Election","FULTON","President of the United States","StateWide","Reform","BUCHANAN, PATRICK J.","20","20","","","","","","","","","",""
"2000 General Election","GREENE","President of the United States","StateWide","Republican","BUSH, GEORGE W.","5,890","5,890","","","","","","","","","",""
"2000 General Election","GREENE","President of the United States","StateWide","Democratic","GORE, AL","7,230","7,230","","","","","","","","","",""
"2000 General Election","GREENE","President of the United States","StateWide","Constitution","PHILLIPS, HOWARD","18","18","","","","","","","","","",""
"2000 General Election","GREENE","President of the United States","StateWide","Libertarian","BROWNE, HARRY","39","39","","","","","","","","","",""
"2000 General Election","GREENE","President of the United States","StateWide","Green","NADER, RALPH","337","337","","","","","","","","","",""
"2000 General Election","GREENE","President of the United States","StateWide","Reform","BUCHANAN, PATRICK J.","120","120","","","","","","","","","",""
"2000 General Election","HUNTINGDON","President of the United States","StateWide","Republican","BUSH, GEORGE W.","10,408","10,408","","","","","","","","","",""
"2000 General Election","HUNTINGDON","President of the United States","StateWide","Democratic","GORE, AL","5,073","5,073","","","","","","","","","",""
"2000 General Election","HUNTINGDON","President of the United States","StateWide","Constitution","PHILLIPS, HOWARD","12","12","","","","","","","","","",""
"2000 General Election","HUNTINGDON","President of the United States","StateWide","Libertarian","BROWNE, HARRY","21","21","","","","","","","","","",""
"2000 General Election","HUNTINGDON","President of the United States","StateWide","Green","NADER, RALPH","340","340","","","","","","","","","",""
"2000 General Election","HUNTINGDON","President of the United States","StateWide","Reform","BUCHANAN, PATRICK J.","103","103","","","","","","","","","",""
"2000 General Election","INDIANA","President of the United States","StateWide","Republican","BUSH, GEORGE W.","16,799","16,799","","","","","","","","","",""
"2000 General Election","INDIANA","President of the United States","StateWide","Democratic","GORE, AL","13,667","13,667","","","","","","","","","",""
"2000 General Election","INDIANA","President of the United States","StateWide","Constitution","PHILLIPS, HOWARD","17","17","","","","","","","","","",""
"2000 General Election","INDIANA","President of the United States","StateWide","Libertarian","BROWNE, HARRY","46","46","","","","","","","","","",""
"2000 General Election","INDIANA","President of the United States","StateWide","Green","NADER, RALPH","711","711","","","","","","","","","",""
"2000 General Election","INDIANA","President of the United States","StateWide","Reform","BUCHANAN, PATRICK J.","161","161","","","","","","","","","",""
"2000 General Election","JEFFERSON","President of the United States","StateWide","Republican","BUSH, GEORGE W.","11,473","11,473","","","","","","","","","",""
"2000 General Election","JEFFERSON","President of the United States","StateWide","Democratic","GORE, AL","5,566","5,566","","","","","","","","","",""
"2000 General Election","JEFFERSON","President of the United States","StateWide","Constitution","PHILLIPS, HOWARD","29","29","","","","","","","","","",""
"2000 General Election","JEFFERSON","President of the United States","StateWide","Libertarian","BROWNE, HARRY","47","47","","","","","","","","","",""
"2000 General Election","JEFFERSON","President of the United States","StateWide","Green","NADER, RALPH","339","339","","","","","","","","","",""
"2000 General Election","JEFFERSON","President of the United States","StateWide","Reform","BUCHANAN, PATRICK J.","120","120","","","","","","","","","",""
"2000 General Election","JUNIATA","President of the United States","StateWide","Republican","BUSH, GEORGE W.","5,795","5,795","","","","","","","","","",""
"2000 General Election","JUNIATA","President of the United States","StateWide","Democratic","GORE, AL","2,656","2,656","","","","","","","","","",""
"2000 General Election","JUNIATA","President of the United States","StateWide","Constitution","PHILLIPS, HOWARD","9","9","","","","","","","","","",""
"2000 General Election","JUNIATA","President of the United States","StateWide","Libertarian","BROWNE, HARRY","21","21","","","","","","","","","",""
"2000 General Election","JUNIATA","President of the United States","StateWide","Green","NADER, RALPH","158","158","","","","","","","","","",""
"2000 General Election","JUNIATA","President of the United States","StateWide","Reform","BUCHANAN, PATRICK J.","28","28","","","","","","","","","",""
"2000 General Election","LACKAWANNA","President of the United States","StateWide","Republican","BUSH, GEORGE W.","35,096","35,096","","","","","","","","","",""
"2000 General Election","LACKAWANNA","President of the United States","StateWide","Democratic","GORE, AL","57,471","57,471","","","","","","","","","",""
"2000 General Election","LACKAWANNA","President of the United States","StateWide","Constitution","PHILLIPS, HOWARD","1,341","1,341","","","","","","","","","",""
"2000 General Election","LACKAWANNA","President of the United States","StateWide","Libertarian","BROWNE, HARRY","75","75","","","","","","","","","",""
"2000 General Election","LACKAWANNA","President of the United States","StateWide","Green","NADER, RALPH","2,134","2,134","","","","","","","","","",""
"2000 General Election","LACKAWANNA","President of the United States","StateWide","Reform","BUCHANAN, PATRICK J.","264","264","","","","","","","","","",""
"2000 General Election","LANCASTER","President of the United States","StateWide","Republican","BUSH, GEORGE W.","115,900","115,900","","","","","","","","","",""
"2000 General Election","LANCASTER","President of the United States","StateWide","Democratic","GORE, AL","54,968","54,968","","","","","","","","","",""
"2000 General Election","LANCASTER","President of the United States","StateWide","Constitution","PHILLIPS, HOWARD","379","379","","","","","","","","","",""
"2000 General Election","LANCASTER","President of the United States","StateWide","Libertarian","BROWNE, HARRY","340","340","","","","","","","","","",""
"2000 General Election","LANCASTER","President of the United States","StateWide","Green","NADER, RALPH","3,341","3,341","","","","","","","","","",""
"2000 General Election","LANCASTER","President of the United States","StateWide","Reform","BUCHANAN, PATRICK J.","389","389","","","","","","","","","",""
"2000 General Election","LAWRENCE","President of the United States","StateWide","Republican","BUSH, GEORGE W.","18,060","18,060","","","","","","","","","",""
"2000 General Election","LAWRENCE","President of the United States","StateWide","Democratic","GORE, AL","20,593","20,593","","","","","","","","","",""
"2000 General Election","LAWRENCE","President of the United States","StateWide","Constitution","PHILLIPS, HOWARD","27","27","","","","","","","","","",""
"2000 General Election","LAWRENCE","President of the United States","StateWide","Libertarian","BROWNE, HARRY","50","50","","","","","","","","","",""
"2000 General Election","LAWRENCE","President of the United States","StateWide","Green","NADER, RALPH","653","653","","","","","","","","","",""
"2000 General Election","LAWRENCE","President of the United States","StateWide","Reform","BUCHANAN, PATRICK J.","257","257","","","","","","","","","",""
"2000 General Election","LEBANON","President of the United States","StateWide","Republican","BUSH, GEORGE W.","28,534","28,534","","","","","","","","","",""
"2000 General Election","LEBANON","President of the United States","StateWide","Democratic","GORE, AL","16,093","16,093","","","","","","","","","",""
"2000 General Election","LEBANON","President of the United States","StateWide","Constitution","PHILLIPS, HOWARD","143","143","","","","","","","","","",""
"2000 General Election","LEBANON","President of the United States","StateWide","Libertarian","BROWNE, HARRY","102","102","","","","","","","","","",""
"2000 General Election","LEBANON","President of the United States","StateWide","Green","NADER, RALPH","873","873","","","","","","","","","",""
"2000 General Election","LEBANON","President of the United States","StateWide","Reform","BUCHANAN, PATRICK J.","135","135","","","","","","","","","",""
"2000 General Election","LEHIGH","President of the United States","StateWide","Republican","BUSH, GEORGE W.","55,492","55,492","","","","","","","","","",""
"2000 General Election","LEHIGH","President of the United States","StateWide","Democratic","GORE, AL","56,667","56,667","","","","","","","","","",""
"2000 General Election","LEHIGH","President of the United States","StateWide","Constitution","PHILLIPS, HOWARD","214","214","","","","","","","","","",""
"2000 General Election","LEHIGH","President of the United States","StateWide","Libertarian","BROWNE, HARRY","322","322","","","","","","","","","",""
"2000 General Election","LEHIGH","President of the United States","StateWide","Green","NADER, RALPH","3,278","3,278","","","","","","","","","",""
"2000 General Election","LEHIGH","President of the United States","StateWide","Reform","BUCHANAN, PATRICK J.","307","307","","","","","","","","","",""
"2000 General Election","LUZERNE","President of the United States","StateWide","Republican","BUSH, GEORGE W.","52,328","52,328","","","","","","","","","",""
"2000 General Election","LUZERNE","President of the United States","StateWide","Democratic","GORE, AL","62,199","62,199","","","","","","","","","",""
"2000 General Election","LUZERNE","President of the United States","StateWide","Constitution","PHILLIPS, HOWARD","981","981","","","","","","","","","",""
"2000 General Election","LUZERNE","President of the United States","StateWide","Libertarian","BROWNE, HARRY","148","148","","","","","","","","","",""
"2000 General Election","LUZERNE","President of the United States","StateWide","Green","NADER, RALPH","3,456","3,456","","","","","","","","","",""
"2000 General Election","LUZERNE","President of the United States","StateWide","Reform","BUCHANAN, PATRICK J.","474","474","","","","","","","","","",""
"2000 General Election","LYCOMING","President of the United States","StateWide","Republican","BUSH, GEORGE W.","27,137","27,137","","","","","","","","","",""
"2000 General Election","LYCOMING","President of the United States","StateWide","Democratic","GORE, AL","14,663","14,663","","","","","","","","","",""
"2000 General Election","LYCOMING","President of the United States","StateWide","Constitution","PHILLIPS, HOWARD","217","217","","","","","","","","","",""
"2000 General Election","LYCOMING","President of the United States","StateWide","Libertarian","BROWNE, HARRY","62","62","","","","","","","","","",""
"2000 General Election","LYCOMING","President of the United States","StateWide","Green","NADER, RALPH","965","965","","","","","","","","","",""
"2000 General Election","LYCOMING","President of the United States","StateWide","Reform","BUCHANAN, PATRICK J.","139","139","","","","","","","","","",""
"2000 General Election","McKEAN","President of the United States","StateWide","Republican","BUSH, GEORGE W.","9,661","9,661","","","","","","","","","",""
"2000 General Election","McKEAN","President of the United States","StateWide","Democratic","GORE, AL","5,510","5,510","","","","","","","","","",""
"2000 General Election","McKEAN","President of the United States","StateWide","Constitution","PHILLIPS, HOWARD","129","129","","","","","","","","","",""
"2000 General Election","McKEAN","President of the United States","StateWide","Libertarian","BROWNE, HARRY","37","37","","","","","","","","","",""
"2000 General Election","McKEAN","President of the United States","StateWide","Green","NADER, RALPH","403","403","","","","","","","","","",""
"2000 General Election","McKEAN","President of the United States","StateWide","Reform","BUCHANAN, PATRICK J.","64","64","","","","","","","","","",""
"2000 General Election","MERCER","President of the United States","StateWide","Republican","BUSH, GEORGE W.","23,132","23,132","","","","","","","","","",""
"2000 General Election","MERCER","President of the United States","StateWide","Democratic","GORE, AL","23,817","23,817","","","","","","","","","",""
"2000 General Election","MERCER","President of the United States","StateWide","Constitution","PHILLIPS, HOWARD","348","348","","","","","","","","","",""
"2000 General Election","MERCER","President of the United States","StateWide","Libertarian","BROWNE, HARRY","70","70","","","","","","","","","",""
"2000 General Election","MERCER","President of the United States","StateWide","Green","NADER, RALPH","1,073","1,073","","","","","","","","","",""
"2000 General Election","MERCER","President of the United States","StateWide","Reform","BUCHANAN, PATRICK J.","285","285","","","","","","","","","",""
"2000 General Election","MIFFLIN","President of the United States","StateWide","Republican","BUSH, GEORGE W.","9,400","9,400","","","","","","","","","",""
"2000 General Election","MIFFLIN","President of the United States","StateWide","Democratic","GORE, AL","4,835","4,835","","","","","","","","","",""
"2000 General Election","MIFFLIN","President of the United States","StateWide","Constitution","PHILLIPS, HOWARD","49","49","","","","","","","","","",""
"2000 General Election","MIFFLIN","President of the United States","StateWide","Libertarian","BROWNE, HARRY","25","25","","","","","","","","","",""
"2000 General Election","MIFFLIN","President of the United States","StateWide","Green","NADER, RALPH","264","264","","","","","","","","","",""
"2000 General Election","MIFFLIN","President of the United States","StateWide","Reform","BUCHANAN, PATRICK J.","41","41","","","","","","","","","",""
"2000 General Election","MONROE","President of the United States","StateWide","Republican","BUSH, GEORGE W.","23,265","23,265","","","","","","","","","",""
"2000 General Election","MONROE","President of the United States","StateWide","Democratic","GORE, AL","21,939","21,939","","","","","","","","","",""
"2000 General Election","MONROE","President of the United States","StateWide","Constitution","PHILLIPS, HOWARD","116","116","","","","","","","","","",""
"2000 General Election","MONROE","President of the United States","StateWide","Libertarian","BROWNE, HARRY","116","116","","","","","","","","","",""
"2000 General Election","MONROE","President of the United States","StateWide","Green","NADER, RALPH","1,319","1,319","","","","","","","","","",""
"2000 General Election","MONROE","President of the United States","StateWide","Reform","BUCHANAN, PATRICK J.","123","123","","","","","","","","","",""
"2000 General Election","MONTGOMERY","President of the United States","StateWide","Republican","BUSH, GEORGE W.","145,623","145,623","","","","","","","","","",""
"2000 General Election","MONTGOMERY","President of the United States","StateWide","Democratic","GORE, AL","177,990","177,990","","","","","","","","","",""
"2000 General Election","MONTGOMERY","President of the United States","StateWide","Constitution","PHILLIPS, HOWARD","200","200","","","","","","","","","",""
"2000 General Election","MONTGOMERY","President of the United States","StateWide","Libertarian","BROWNE, HARRY","1,231","1,231","","","","","","","","","",""
"2000 General Election","MONTGOMERY","President of the United States","StateWide","Green","NADER, RALPH","6,816","6,816","","","","","","","","","",""
"2000 General Election","MONTGOMERY","President of the United States","StateWide","Reform","BUCHANAN, PATRICK J.","562","562","","","","","","","","","",""
"2000 General Election","MONTOUR","President of the United States","StateWide","Republican","BUSH, GEORGE W.","3,960","3,960","","","","","","","","","",""
"2000 General Election","MONTOUR","President of the United States","StateWide","Democratic","GORE, AL","2,356","2,356","","","","","","","","","",""
"2000 General Election","MONTOUR","President of the United States","StateWide","Constitution","PHILLIPS, HOWARD","8","8","","","","","","","","","",""
"2000 General Election","MONTOUR","President of the United States","StateWide","Libertarian","BROWNE, HARRY","10","10","","","","","","","","","",""
"2000 General Election","MONTOUR","President of the United States","StateWide","Green","NADER, RALPH","132","132","","","","","","","","","",""
"2000 General Election","MONTOUR","President of the United States","StateWide","Reform","BUCHANAN, PATRICK J.","26","26","","","","","","","","","",""
"2000 General Election","NORTHAMPTON","President of the United States","StateWide","Republican","BUSH, GEORGE W.","47,396","47,396","","","","","","","","","",""
"2000 General Election","NORTHAMPTON","President of the United States","StateWide","Democratic","GORE, AL","53,097","53,097","","","","","","","","","",""
"2000 General Election","NORTHAMPTON","President of the United States","StateWide","Constitution","PHILLIPS, HOWARD","592","592","","","","","","","","","",""
"2000 General Election","NORTHAMPTON","President of the United States","StateWide","Libertarian","BROWNE, HARRY","269","269","","","","","","","","","",""
"2000 General Election","NORTHAMPTON","President of the United States","StateWide","Green","NADER, RALPH","3,012","3,012","","","","","","","","","",""
"2000 General Election","NORTHAMPTON","President of the United States","StateWide","Reform","BUCHANAN, PATRICK J.","324","324","","","","","","","","","",""
"2000 General Election","NORTHUMBERLAND","President of the United States","StateWide","Republican","BUSH, GEORGE W.","18,142","18,142","","","","","","","","","",""
"2000 General Election","NORTHUMBERLAND","President of the United States","StateWide","Democratic","GORE, AL","13,670","13,670","","","","","","","","","",""
"2000 General Election","NORTHUMBERLAND","President of the United States","StateWide","Constitution","PHILLIPS, HOWARD","109","109","","","","","","","","","",""
"2000 General Election","NORTHUMBERLAND","President of the United States","StateWide","Libertarian","BROWNE, HARRY","45","45","","","","","","","","","",""
"2000 General Election","NORTHUMBERLAND","President of the United States","StateWide","Green","NADER, RALPH","956","956","","","","","","","","","",""
"2000 General Election","NORTHUMBERLAND","President of the United States","StateWide","Reform","BUCHANAN, PATRICK J.","329","329","","","","","","","","","",""
"2000 General Election","PERRY","President of the United States","StateWide","Republican","BUSH, GEORGE W.","11,184","11,184","","","","","","","","","",""
"2000 General Election","PERRY","President of the United States","StateWide","Democratic","GORE, AL","4,459","4,459","","","","","","","","","",""
"2000 General Election","PERRY","President of the United States","StateWide","Constitution","PHILLIPS, HOWARD","15","15","","","","","","","","","",""
"2000 General Election","PERRY","President of the United States","StateWide","Libertarian","BROWNE, HARRY","39","39","","","","","","","","","",""
"2000 General Election","PERRY","President of the United States","StateWide","Green","NADER, RALPH","309","309","","","","","","","","","",""
"2000 General Election","PERRY","President of the United States","StateWide","Reform","BUCHANAN, PATRICK J.","65","65","","","","","","","","","",""
"2000 General Election","PHILADELPHIA","President of the United States","StateWide","Republican","BUSH, GEORGE W.","100,959","100,959","","","","","","","","","",""
"2000 General Election","PHILADELPHIA","President of the United States","StateWide","Democratic","GORE, AL","449,182","449,182","","","","","","","","","",""
"2000 General Election","PHILADELPHIA","President of the United States","StateWide","Constitution","PHILLIPS, HOWARD","1,032","1,032","","","","","","","","","",""
"2000 General Election","PHILADELPHIA","President of the United States","StateWide","Libertarian","BROWNE, HARRY","979","979","","","","","","","","","",""
"2000 General Election","PHILADELPHIA","President of the United States","StateWide","Green","NADER, RALPH","8,206","8,206","","","","","","","","","",""
"2000 General Election","PHILADELPHIA","President of the United States","StateWide","Reform","BUCHANAN, PATRICK J.","822","822","","","","","","","","","",""
"2000 General Election","PIKE","President of the United States","StateWide","Republican","BUSH, GEORGE W.","9,339","9,339","","","","","","","","","",""
"2000 General Election","PIKE","President of the United States","StateWide","Democratic","GORE, AL","7,330","7,330","","","","","","","","","",""
"2000 General Election","PIKE","President of the United States","StateWide","Constitution","PHILLIPS, HOWARD","99","99","","","","","","","","","",""
"2000 General Election","PIKE","President of the United States","StateWide","Libertarian","BROWNE, HARRY","41","41","","","","","","","","","",""
"2000 General Election","PIKE","President of the United States","StateWide","Green","NADER, RALPH","498","498","","","","","","","","","",""
"2000 General Election","PIKE","President of the United States","StateWide","Reform","BUCHANAN, PATRICK J.","57","57","","","","","","","","","",""
"2000 General Election","POTTER","President of the United States","StateWide","Republican","BUSH, GEORGE W.","4,858","4,858","","","","","","","","","",""
"2000 General Election","POTTER","President of the United States","StateWide","Democratic","GORE, AL","2,037","2,037","","","","","","","","","",""
"2000 General Election","POTTER","President of the United States","StateWide","Constitution","PHILLIPS, HOWARD","7","7","","","","","","","","","",""
"2000 General Election","POTTER","President of the United States","StateWide","Libertarian","BROWNE, HARRY","18","18","","","","","","","","","",""
"2000 General Election","POTTER","President of the United States","StateWide","Green","NADER, RALPH","146","146","","","","","","","","","",""
"2000 General Election","POTTER","President of the United States","StateWide","Reform","BUCHANAN, PATRICK J.","24","24","","","","","","","","","",""
"2000 General Election","SCHUYLKILL","President of the United States","StateWide","Republican","BUSH, GEORGE W.","29,841","29,841","","","","","","","","","",""
"2000 General Election","SCHUYLKILL","President of the United States","StateWide","Democratic","GORE, AL","26,215","26,215","","","","","","","","","",""
"2000 General Election","SCHUYLKILL","President of the United States","StateWide","Constitution","PHILLIPS, HOWARD","40","40","","","","","","","","","",""
"2000 General Election","SCHUYLKILL","President of the United States","StateWide","Libertarian","BROWNE, HARRY","92","92","","","","","","","","","",""
"2000 General Election","SCHUYLKILL","President of the United States","StateWide","Green","NADER, RALPH","1,713","1,713","","","","","","","","","",""
"2000 General Election","SCHUYLKILL","President of the United States","StateWide","Reform","BUCHANAN, PATRICK J.","399","399","","","","","","","","","",""
"2000 General Election","SNYDER","President of the United States","StateWide","Republican","BUSH, GEORGE W.","8,963","8,963","","","","","","","","","",""
"2000 General Election","SNYDER","President of the United States","StateWide","Democratic","GORE, AL","3,536","3,536","","","","","","","","","",""
"2000 General Election","SNYDER","President of the United States","StateWide","Constitution","PHILLIPS, HOWARD","10","10","","","","","","","","","",""
"2000 General Election","SNYDER","President of the United States","StateWide","Libertarian","BROWNE, HARRY","15","15","","","","","","","","","",""
"2000 General Election","SNYDER","President of the United States","StateWide","Green","NADER, RALPH","271","271","","","","","","","","","",""
"2000 General Election","SNYDER","President of the United States","StateWide","Reform","BUCHANAN, PATRICK J.","46","46","","","","","","","","","",""
"2000 General Election","SOMERSET","President of the United States","StateWide","Republican","BUSH, GEORGE W.","20,218","20,218","","","","","","","","","",""
"2000 General Election","SOMERSET","President of the United States","StateWide","Democratic","GORE, AL","12,028","12,028","","","","","","","","","",""
"2000 General Election","SOMERSET","President of the United States","StateWide","Constitution","PHILLIPS, HOWARD","24","24","","","","","","","","","",""
"2000 General Election","SOMERSET","President of the United States","StateWide","Libertarian","BROWNE, HARRY","47","47","","","","","","","","","",""
"2000 General Election","SOMERSET","President of the United States","StateWide","Green","NADER, RALPH","487","487","","","","","","","","","",""
"2000 General Election","SOMERSET","President of the United States","StateWide","Reform","BUCHANAN, PATRICK J.","181","181","","","","","","","","","",""
"2000 General Election","SULLIVAN","President of the United States","StateWide","Republican","BUSH, GEORGE W.","1,928","1,928","","","","","","","","","",""
"2000 General Election","SULLIVAN","President of the United States","StateWide","Democratic","GORE, AL","1,066","1,066","","","","","","","","","",""
"2000 General Election","SULLIVAN","President of the United States","StateWide","Constitution","PHILLIPS, HOWARD","4","4","","","","","","","","","",""
"2000 General Election","SULLIVAN","President of the United States","StateWide","Libertarian","BROWNE, HARRY","6","6","","","","","","","","","",""
"2000 General Election","SULLIVAN","President of the United States","StateWide","Green","NADER, RALPH","91","91","","","","","","","","","",""
"2000 General Election","SULLIVAN","President of the United States","StateWide","Reform","BUCHANAN, PATRICK J.","10","10","","","","","","","","","",""
"2000 General Election","SUSQUEHANNA","President of the United States","StateWide","Republican","BUSH, GEORGE W.","10,226","10,226","","","","","","","","","",""
"2000 General Election","SUSQUEHANNA","President of the United States","StateWide","Democratic","GORE, AL","6,481","6,481","","","","","","","","","",""
"2000 General Election","SUSQUEHANNA","President of the United States","StateWide","Constitution","PHILLIPS, HOWARD","12","12","","","","","","","","","",""
"2000 General Election","SUSQUEHANNA","President of the United States","StateWide","Libertarian","BROWNE, HARRY","32","32","","","","","","","","","",""
"2000 General Election","SUSQUEHANNA","President of the United States","StateWide","Green","NADER, RALPH","459","459","","","","","","","","","",""
"2000 General Election","SUSQUEHANNA","President of the United States","StateWide","Reform","BUCHANAN, PATRICK J.","61","61","","","","","","","","","",""
"2000 General Election","TIOGA","President of the United States","StateWide","Republican","BUSH, GEORGE W.","9,635","9,635","","","","","","","","","",""
"2000 General Election","TIOGA","President of the United States","StateWide","Democratic","GORE, AL","4,617","4,617","","","","","","","","","",""
"2000 General Election","TIOGA","President of the United States","StateWide","Constitution","PHILLIPS, HOWARD","24","24","","","","","","","","","",""
"2000 General Election","TIOGA","President of the United States","StateWide","Libertarian","BROWNE, HARRY","40","40","","","","","","","","","",""
"2000 General Election","TIOGA","President of the United States","StateWide","Green","NADER, RALPH","404","404","","","","","","","","","",""
"2000 General Election","TIOGA","President of the United States","StateWide","Reform","BUCHANAN, PATRICK J.","52","52","","","","","","","","","",""
"2000 General Election","UNION","President of the United States","StateWide","Republican","BUSH, GEORGE W.","8,523","8,523","","","","","","","","","",""
"2000 General Election","UNION","President of the United States","StateWide","Democratic","GORE, AL","4,209","4,209","","","","","","","","","",""
"2000 General Election","UNION","President of the United States","StateWide","Constitution","PHILLIPS, HOWARD","17","17","","","","","","","","","",""
"2000 General Election","UNION","President of the United States","StateWide","Libertarian","BROWNE, HARRY","20","20","","","","","","","","","",""
"2000 General Election","UNION","President of the United States","StateWide","Green","NADER, RALPH","373","373","","","","","","","","","",""
"2000 General Election","UNION","President of the United States","StateWide","Reform","BUCHANAN, PATRICK J.","33","33","","","","","","","","","",""
"2000 General Election","VENANGO","President of the United States","StateWide","Republican","BUSH, GEORGE W.","11,642","11,642","","","","","","","","","",""
"2000 General Election","VENANGO","President of the United States","StateWide","Democratic","GORE, AL","8,196","8,196","","","","","","","","","",""
"2000 General Election","VENANGO","President of the United States","StateWide","Constitution","PHILLIPS, HOWARD","55","55","","","","","","","","","",""
"2000 General Election","VENANGO","President of the United States","StateWide","Libertarian","BROWNE, HARRY","42","42","","","","","","","","","",""
"2000 General Election","VENANGO","President of the United States","StateWide","Green","NADER, RALPH","467","467","","","","","","","","","",""
"2000 General Election","VENANGO","President of the United States","StateWide","Reform","BUCHANAN, PATRICK J.","121","121","","","","","","","","","",""
"2000 General Election","WARREN","President of the United States","StateWide","Republican","BUSH, GEORGE W.","9,290","9,290","","","","","","","","","",""
"2000 General Election","WARREN","President of the United States","StateWide","Democratic","GORE, AL","7,537","7,537","","","","","","","","","",""
"2000 General Election","WARREN","President of the United States","StateWide","Constitution","PHILLIPS, HOWARD","129","129","","","","","","","","","",""
"2000 General Election","WARREN","President of the United States","StateWide","Libertarian","BROWNE, HARRY","32","32","","","","","","","","","",""
"2000 General Election","WARREN","President of the United States","StateWide","Green","NADER, RALPH","466","466","","","","","","","","","",""
"2000 General Election","WARREN","President of the United States","StateWide","Reform","BUCHANAN, PATRICK J.","87","87","","","","","","","","","",""
"2000 General Election","WASHINGTON","President of the United States","StateWide","Republican","BUSH, GEORGE W.","37,339","37,339","","","","","","","","","",""
"2000 General Election","WASHINGTON","President of the United States","StateWide","Democratic","GORE, AL","44,961","44,961","","","","","","","","","",""
"2000 General Election","WASHINGTON","President of the United States","StateWide","Constitution","PHILLIPS, HOWARD","60","60","","","","","","","","","",""
"2000 General Election","WASHINGTON","President of the United States","StateWide","Libertarian","BROWNE, HARRY","111","111","","","","","","","","","",""
"2000 General Election","WASHINGTON","President of the United States","StateWide","Green","NADER, RALPH","1,442","1,442","","","","","","","","","",""
"2000 General Election","WASHINGTON","President of the United States","StateWide","Reform","BUCHANAN, PATRICK J.","528","528","","","","","","","","","",""
"2000 General Election","WAYNE","President of the United States","StateWide","Republican","BUSH, GEORGE W.","11,201","11,201","","","","","","","","","",""
"2000 General Election","WAYNE","President of the United States","StateWide","Democratic","GORE, AL","6,904","6,904","","","","","","","","","",""
"2000 General Election","WAYNE","President of the United States","StateWide","Constitution","PHILLIPS, HOWARD","63","63","","","","","","","","","",""
"2000 General Election","WAYNE","President of the United States","StateWide","Libertarian","BROWNE, HARRY","33","33","","","","","","","","","",""
"2000 General Election","WAYNE","President of the United States","StateWide","Green","NADER, RALPH","625","625","","","","","","","","","",""
"2000 General Election","WAYNE","President of the United States","StateWide","Reform","BUCHANAN, PATRICK J.","88","88","","","","","","","","","",""
"2000 General Election","WESTMORELAND","President of the United States","StateWide","Republican","BUSH, GEORGE W.","80,858","80,858","","","","","","","","","",""
"2000 General Election","WESTMORELAND","President of the United States","StateWide","Democratic","GORE, AL","71,792","71,792","","","","","","","","","",""
"2000 General Election","WESTMORELAND","President of the United States","StateWide","Constitution","PHILLIPS, HOWARD","323","323","","","","","","","","","",""
"2000 General Election","WESTMORELAND","President of the United States","StateWide","Libertarian","BROWNE, HARRY","227","227","","","","","","","","","",""
"2000 General Election","WESTMORELAND","President of the United States","StateWide","Green","NADER, RALPH","2,601","2,601","","","","","","","","","",""
"2000 General Election","WESTMORELAND","President of the United States","StateWide","Reform","BUCHANAN, PATRICK J.","908","908","","","","","","","","","",""
"2000 General Election","WYOMING","President of the United States","StateWide","Republican","BUSH, GEORGE W.","6,922","6,922","","","","","","","","","",""
"2000 General Election","WYOMING","President of the United States","StateWide","Democratic","GORE, AL","4,363","4,363","","","","","","","","","",""
"2000 General Election","WYOMING","President of the United States","StateWide","Constitution","PHILLIPS, HOWARD","6","6","","","","","","","","","",""
"2000 General Election","WYOMING","President of the United States","StateWide","Libertarian","BROWNE, HARRY","26","26","","","","","","","","","",""
"2000 General Election","WYOMING","President of the United States","StateWide","Green","NADER, RALPH","344","344","","","","","","","","","",""
"2000 General Election","WYOMING","President of the United States","StateWide","Reform","BUCHANAN, PATRICK J.","32","32","","","","","","","","","",""
"2000 General Election","YORK","President of the United States","StateWide","Republican","BUSH, GEORGE W.","87,652","87,652","","","","","","","","","",""
"2000 General Election","YORK","President of the United States","StateWide","Democratic","GORE, AL","51,958","51,958","","","","","","","","","",""
"2000 General Election","YORK","President of the United States","StateWide","Constitution","PHILLIPS, HOWARD","580","580","","","","","","","","","",""
"2000 General Election","YORK","President of the United States","StateWide","Libertarian","BROWNE, HARRY","418","418","","","","","","","","","",""
"2000 General Election","YORK","President of the United States","StateWide","Green","NADER, RALPH","3,305","3,305","","","","","","","","","",""
"2000 General Election","YORK","President of the United States","StateWide","Reform","BUCHANAN, PATRICK J.","331","331","","","","","","","","","",""
